id,name,archetype,phase,duration_minutes,places,mode,energy,description,host_script,rule_steps,people_min,people_max,recommended_teams_min,recommended_teams_max,contexts,preparations,difficulty,origin,series
chungazame,청개구리 가위바위보,SURVIVAL,opening,5,room|hall|outdoor|bus,both,2,반대로 이겨야 하는 가위바위보로 가볍게 몸을 풉니다.,"제가 낸 것을 이기면 지고, 지면 이기는 거예요. 가위바위보!",진행자가 가위·바위·보 중 하나를 냅니다.|참가자는 반대로 이기는 손을 냅니다.|틀린 사람은 탈락하거나 가벼운 벌칙을 합니다.,4,80,,,mt|orientation|bus|workshop|dinner,없음,easy,classic,
nunchi,눈치 게임,SURVIVAL,opening,5,room|restaurant|bus,personal,2,순서 없이 숫자를 외치며 서로의 눈치를 보는 대표 게임입니다.,순서 없이 아무나 1부터 외쳐요. 동시에 외치면 둘 다 탈락입니다!,목표 숫자를 정합니다.|참가자가 아무 순서 없이 숫자를 외칩니다.|동시에 외치거나 망설인 사람에게 벌칙을 줍니다.,4,30,,,mt|bus|workshop|dinner,없음,easy,classic,
game369,369 게임,SURVIVAL,opening,5,room|restaurant|bus,personal,3,숫자를 세다가 3·6·9에서 박수치는 빠른 템포의 게임입니다.,"돌아가며 숫자를 세는데 3, 6, 9가 들어가면 박수예요!",차례대로 숫자를 셉니다.|3·6·9가 있으면 숫자 대신 박수칩니다.|실수하면 벌칙 또는 다음 라운드 관전입니다.,4,30,,,mt|bus|workshop|dinner,없음,easy,classic,
balance,밸런스 게임,TALK,icebreak,15,room|restaurant|hall|bus,both,3,둘 중 하나를 고르고 이유를 나누며 대화를 엽니다.,"둘 중 하나를 고르고, 왜 골랐는지 한마디씩 말해주세요.",질문 하나를 읽습니다.|참가자가 둘 중 하나를 고릅니다.|재미있는 이유를 골라 더 이야기합니다.,4,50,,,mt|orientation|bus|workshop|dinner,없음,easy,variety,
word-chain,이어 말하기,TALK,icebreak,10,room|restaurant|bus,both,3,주제 안에서 빠르게 단어를 이어 말하는 준비물 없는 게임입니다.,주제 안에서 돌아가며 말하세요. 3초 안에 못 대거나 중복이면 탈락!,주제를 하나 고릅니다.|한 명씩 관련 단어를 말합니다.|중복·지연·오답이면 라운드에서 빠집니다.,4,40,,,mt|orientation|bus|workshop|dinner,없음,easy,classic,
what-if,만약에,TALK,icebreak,10,room|restaurant|bus,both,2,상상 질문으로 자연스러운 대화를 만드는 토크 게임입니다.,"만약에 질문을 듣고, 떠오르는 답을 편하게 말해주세요.",질문 하나를 읽습니다.|각자 답을 말합니다.|특히 재미있는 답을 이어서 물어봅니다.,4,40,,,mt|orientation|bus|workshop|dinner,없음,easy,classic,
sonbyeongho,손병호 게임,SURVIVAL,icebreak,10,room|restaurant|hall,personal,3,공통점을 발견하며 서로 알아가는 손가락 생존 게임입니다.,"손가락 다섯 개를 펴고, 해당되면 하나씩 접어주세요.",모두 손가락 다섯 개를 폅니다.|질문에 해당하면 손가락을 접습니다.|손가락을 모두 접은 사람에게 가벼운 벌칙을 줍니다.,5,40,,,mt|orientation|workshop|dinner,없음,easy,variety,
choseong,카테고리 초성 퀴즈,QUIZ,main,20,room|hall|outdoor,both,4,카테고리와 초성을 보고 정답을 맞히는 퀴즈입니다.,카테고리와 초성을 보고 답을 외쳐주세요. 먼저 맞히면 점수!,문제와 카테고리를 보여줍니다.|참가자가 정답을 외칩니다.|정답을 확인하고 점수를 기록합니다.,8,80,2,8,mt|orientation|workshop,점수 기록 도구,easy,variety,
person-quiz,인물 퀴즈,QUIZ,main,15,room|hall,both,4,힌트를 보고 인물을 맞히는 팀 대항 퀴즈입니다.,힌트 세 개를 보고 누군지 맞혀주세요!,힌트를 하나씩 읽습니다.|참가자가 정답을 말합니다.|정답 팀에 점수를 줍니다.,8,60,2,6,mt|orientation|workshop,점수 기록 도구,easy,variety,new-journey
charades,몸으로 말해요,PERFORM,main,15,room|hall|outdoor,team,4,말 없이 몸으로 제시어를 표현하는 팀전 게임입니다.,말 없이 몸으로만 표현하세요. 팀원이 맞히면 하나씩 넘어갑니다!,팀별 출제자를 정합니다.|제한 시간 동안 제시어를 표현합니다.|맞힌 개수로 점수를 계산합니다.,6,60,2,6,mt|orientation|workshop,제시어를 볼 진행자 기기,moderate,variety,
speed-quiz,스피드 퀴즈,QUIZ,main,15,room|hall|outdoor,team,4,설명하는 사람과 맞히는 사람이 호흡을 맞추는 팀전 게임입니다.,출제자가 설명하고 팀원이 맞혀요. 모르면 통과할 수 있어요!,팀별 출제자를 정합니다.|제한 시간에 제시어를 설명합니다.|정답 수를 세어 점수를 줍니다.,6,60,2,8,mt|orientation|workshop,제시어를 볼 진행자 기기,moderate,variety,
one-mind,이심전심,TALK,main,15,room|restaurant|hall,team,3,같은 질문에 같은 답을 적어 팀의 궁합을 겨룹니다.,질문을 듣고 동시에 답을 적으세요. 답이 겹치면 점수입니다!,팀원 모두 답을 생각합니다.|동시에 답을 공개합니다.|겹친 답이 많을수록 점수를 얻습니다.,6,50,2,6,mt|orientation|workshop|dinner,종이와 펜,easy,variety,
penalty-wheel,벌칙 룰렛,PICK,finale,5,room|restaurant|hall|bus,both,4,가벼운 벌칙이나 다음 진행자를 정하는 룰렛입니다.,룰렛을 돌려서 오늘의 미션을 정해볼게요!,순한 미션 목록을 확인합니다.|룰렛을 돌립니다.|뽑힌 미션을 즐겁게 수행합니다.,4,60,,,mt|orientation|bus|workshop|dinner,없음,easy,classic,
time-bomb,시한폭탄,BOMB,finale,5,room|restaurant|hall,personal,5,언제 끝날지 모르는 폭탄을 넘기며 긴장감을 높입니다.,폭탄을 들고 미션을 한 뒤 다음 사람에게 넘겨주세요!,랜덤 타이머를 시작합니다.|참가자가 미션 후 폭탄을 넘깁니다.|터질 때 들고 있던 사람이 벌칙을 받습니다.,5,40,,,mt|orientation|workshop|dinner,없음,moderate,classic,
awards,연말 시상식,PICK,finale,10,room|restaurant|hall,both,4,오늘의 활약과 추억을 재미있는 상으로 마무리합니다.,오늘의 활약을 떠올리면서 각 부문 수상자를 정해볼게요!,상 부문을 하나씩 읽습니다.|참가자가 후보를 추천합니다.|박수와 함께 수상자를 발표합니다.,6,80,,,mt|orientation|workshop|dinner,없음,easy,variety,
silent-shout,고요 속의 외침,PERFORM,main,15,room|hall,team,5,큰 소리 때문에 들리지 않는 상황에서 입모양과 몸짓만으로 제시어를 전달합니다.,"한 명은 음악 때문에 듣지 못하고, 한 명은 입모양과 몸짓으로만 제시어를 설명합니다!",팀별로 설명자와 맞히는 사람을 정합니다.|맞히는 사람은 소리를 듣지 못하게 하고 제시어를 설명합니다.|제한 시간 안에 맞힌 개수로 점수를 정합니다.,4,40,2,6,mt|orientation|workshop,음악을 들을 기기|제시어,moderate,variety,new-journey
hunminjeongeum,훈민정음,TALK,main,10,room|restaurant|hall,both,4,"지정한 자음만 써서 제시어를 설명하고, 제한 시간 안에 정답을 맞힙니다.","오늘은 특정 자음만 쓸 수 있어요. 말이 막히면 통과, 팀원이 맞히면 점수입니다!",라운드에서 쓸 수 있는 자음을 정합니다.|설명자는 그 자음만 써서 제시어를 설명합니다.|제한 시간에 맞힌 개수를 기록합니다.,4,40,2,6,mt|orientation|workshop|dinner,제시어,moderate,variety,new-journey
music-quiz-2v2,2:2 음악 퀴즈,QUIZ,main,15,room|hall,team,5,짧게 들려주는 노래 도입부를 듣고 제목 또는 가수를 먼저 맞히는 팀전 퀴즈입니다.,도입부를 짧게 들려드릴게요. 팀원 둘이 빠르게 상의해서 정답을 외쳐주세요!,팀별로 대답 순서와 점수를 정합니다.|진행자가 준비한 음악 도입부를 짧게 재생합니다.|제목 또는 가수를 먼저 맞힌 팀에 점수를 줍니다.,4,40,2,6,mt|orientation|workshop,음악 재생 기기|스피커,moderate,variety,earth-arcade
snack-quiz,실물 과자 퀴즈,QUIZ,icebreak,10,room|restaurant|hall,both,4,"포장의 일부, 모양 또는 힌트를 보고 과자 이름을 맞히는 빠른 퀴즈입니다.",화면이나 실물로 힌트를 보여드릴게요. 가장 먼저 과자 이름을 맞히면 점수입니다!,진행자가 과자 포장 일부나 힌트를 준비합니다.|참가자가 보이는 단서로 과자 이름을 맞힙니다.|정답을 확인하고 다음 문제로 넘어갑니다.,4,50,,,mt|orientation|workshop|dinner,과자 포장 또는 사진,easy,variety,earth-arcade
humming-quiz,허밍 퀴즈,QUIZ,main,15,room|restaurant|hall|bus,both,4,진행자가 허밍이나 박수 리듬만으로 노래를 표현하면 제목을 맞히는 퀴즈입니다. 음원 없이도 굴러갑니다.,가사 없이 흥얼거리기만 할게요. 무슨 노래인지 아시겠어요?,출제자가 곡을 확인하고 허밍으로만 표현합니다.|참가자가 제목이나 가수를 외칩니다.|10초 안에 아무도 못 맞히면 힌트를 하나 더 줍니다.,4,60,2,6,mt|orientation|bus|workshop|dinner,없음,easy,classic,
nonsense-quiz,넌센스 퀴즈,QUIZ,icebreak,10,room|restaurant|hall|bus|outdoor,both,3,말장난으로 푸는 넌센스 문제입니다. 빈 시간을 메우는 킬링타임용으로도 좋습니다.,"정답보다 웃긴 답이 나오면 그쪽에 점수 드릴게요. 자, 첫 문제!",문제를 읽고 5초 정도 기다립니다.|가장 먼저 외친 사람의 답을 듣습니다.|정답을 공개하고 다음 문제로 넘어갑니다.,2,80,,,mt|orientation|bus|workshop|dinner,없음,easy,classic,
deep-balance,과몰입 밸런스 토크,TALK,icebreak,20,room|restaurant|hall,both,3,상황을 길게 깔아놓고 선택하게 만드는 밸런스 게임의 스토리 버전입니다. 토론이 길어질수록 성공입니다.,상황을 끝까지 들어보세요. 고른 다음에는 왜 그랬는지 설득해야 합니다!,시나리오를 천천히 읽어줍니다.|손을 들어 편을 나눕니다.|양쪽에서 한 명씩 이유를 말하고 서로 반박합니다.,4,40,,,mt|orientation|workshop|dinner,없음,easy,variety,
who-am-i,나는 누구일까,QUIZ,icebreak,15,room|restaurant|hall,both,3,"이마에 붙은 단어를 본인만 모른 채, 예·아니오 질문으로 정체를 추리합니다.",본인 것만 못 봐요. 예 아니오로만 답할 수 있는 질문을 던져보세요!,각자 이마에 단어를 붙이거나 화면을 이마에 댑니다.|돌아가며 예·아니오 질문을 하나씩 합니다.|정체를 맞히면 통과하고 다음 단어를 받습니다.,4,30,,,mt|orientation|workshop|dinner,포스트잇과 펜,easy,classic,
tmi-intro,TMI 자기소개,TALK,opening,15,room|restaurant|hall|bus,personal,2,이름과 학번 대신 랜덤 질문 하나만 답하는 자기소개입니다. 어색한 통성명을 대체합니다.,이름 말고 이 질문 하나만 답해주세요. 그게 오늘의 자기소개입니다!,참가자마다 질문을 하나씩 뽑아줍니다.|30초 안에 답합니다.|가장 인상적인 답에 다 같이 박수를 칩니다.,4,40,,,mt|orientation|bus|workshop|dinner,없음,easy,original,
image-rps,이미지 가위바위보,PERFORM,opening,10,hall|outdoor|room,team,5,호랑이·사람·총을 동작과 함성으로 표현하는 단체 가위바위보입니다. 팀 전체가 합을 맞춰야 합니다.,"셋 하면 팀 전체가 하나로 외칩니다. 호랑이는 사람을, 사람은 총을, 총은 호랑이를 이겨요!",팀끼리 모여 낼 것을 몰래 정합니다.|구령에 맞춰 동작과 함성을 동시에 냅니다.|이긴 팀에 점수를 주고 다음 판으로 넘어갑니다.,10,100,2,4,mt|orientation|workshop,없음,easy,classic,
gather-up,모여라 게임,SURVIVAL,opening,10,hall|outdoor,personal,5,외친 조건대로 순식간에 뭉치는 대규모 아이스브레이킹입니다. 팀 나누기 겸용으로도 씁니다.,제가 외치는 조건대로 뭉치세요! 못 낀 사람은 아쉽게도 탈락입니다!,참가자가 넓게 흩어집니다.|진행자가 인원수나 조건을 외칩니다.|조건에 맞는 무리를 못 만든 사람은 빠집니다.,15,100,,,orientation|mt|workshop,움직일 공간,easy,classic,
ladder-pick,복불복 사다리,PICK,finale,5,room|restaurant|hall|bus|outdoor,both,3,사다리타기로 벌칙·역할·순서를 한 번에 정합니다. 결과가 나올 때까지의 긴장이 재미입니다.,누가 걸릴지는 아무도 몰라요. 사다리 내려갑니다!,당첨·벌칙 항목을 정합니다.|각자 출발 지점을 고릅니다.|한 줄씩 내려가며 결과를 공개합니다.,2,30,,,mt|orientation|bus|workshop|dinner,없음,easy,classic,
liar-game,라이어 게임,TALK,main,20,room|restaurant,team,4,"한 명만 다른 제시어를 받고, 대화 속에서 정체를 숨기거나 찾아냅니다.",한 사람만 다른 단어를 받았어요. 한 마디씩 설명하고 라이어를 찾아냅시다!,제시어를 나눠주고 한 명에게만 다른 단어를 줍니다.|돌아가며 그 단어에 대해 한 문장씩 말합니다.|투표로 라이어를 지목하고 정답을 공개합니다.,6,15,,,mt|workshop|dinner,없음,moderate,classic,
king-game,왕게임,PICK,finale,10,room|restaurant,personal,4,"번호를 몰래 나눠 갖고, 왕이 번호를 지목해 순한 미션을 시킵니다.",왕은 누군지 몰라도 됩니다. 번호만 부르세요. 미션은 순한 것만!,번호를 섞어 한 명씩 몰래 나눠줍니다.|왕이 번호를 지목하고 미션을 정합니다.|해당 번호가 미션을 수행합니다.,4,12,,,mt|dinner,없음,moderate,classic,
secret-mission,미션 임파서블,PERFORM,icebreak,20,room|hall|outdoor|restaurant,personal,4,각자 몰래 받은 돌발 미션을 제한 시간 안에 들키지 않고 수행합니다. 실패해도 웃깁니다.,지금부터 각자 비밀 미션이 갑니다. 다른 사람 미션은 절대 알려주지 마세요!,참가자마다 미션을 하나씩 몰래 배정합니다.|정해진 시간 동안 자연스럽게 수행합니다.|시간이 끝나면 성공 여부를 한 명씩 공개합니다.,4,25,,,mt|orientation|workshop,미션을 보낼 진행자 기기,moderate,variety,new-journey
guard-snack,수호대작전,SURVIVAL,main,20,room|hall|outdoor,team,5,"지정된 간식을 시간 내내 지키고, 동시에 남의 것을 노립니다. 배신과 연합이 나옵니다.",이 간식은 끝까지 지킨 사람만 먹습니다. 남의 것도 노릴 수 있어요!,팀이나 개인에게 지킬 물건을 나눠줍니다.|정해진 규칙 안에서 지키고 뺏습니다.|시간이 끝났을 때 들고 있는 사람이 가져갑니다.,6,30,2,6,mt|orientation|workshop,지킬 간식이나 물건,advanced,variety,new-journey
what-is-this,이거 뭐야 퀴즈,QUIZ,main,15,hall|room|restaurant,both,4,사물의 일부만 보여주거나 특징만 설명하고 정체를 맞힙니다. 힌트를 하나씩 열면서 난이도를 조절합니다.,확대된 힌트부터 갑니다. 감이 오면 바로 외쳐주세요!,첫 번째 힌트만 보여줍니다.|맞히지 못하면 두 번째 힌트를 공개합니다.|정답을 맞힌 사람이나 팀에 점수를 줍니다.,4,60,2,6,mt|orientation|workshop|dinner,화면 또는 진행자 기기,easy,variety,new-journey
relay-bomb,릴레이 폭탄,SURVIVAL,icebreak,10,bus|room|restaurant,both,4,앞사람이 말한 것을 전부 복창한 뒤 새 항목을 더합니다. 뒤로 갈수록 외울 것이 쌓입니다.,"시장에 가면 방식이에요. 앞사람 것 다 말하고, 새로 하나 추가!",주제를 하나 정합니다.|순서대로 앞 항목을 모두 복창하고 하나를 추가합니다.|틀리거나 3초를 넘기면 탈락합니다.,3,20,,,bus|mt|orientation|dinner,없음,easy,variety,
sound-quiz,생활 소음 퀴즈,QUIZ,main,10,room|hall|bus,both,3,일상에서 듣는 소리를 짧게 들려주고 무슨 소리인지 맞힙니다. 진행자가 직접 흉내내도 됩니다.,3초만 들려드릴게요. 무슨 소리일까요?,소리를 3초 정도 재생하거나 흉내냅니다.|참가자가 정답을 외칩니다.|못 맞히면 조금 더 길게 다시 들려줍니다.,4,60,2,6,mt|orientation|bus|workshop,스피커 또는 진행자 기기,easy,variety,
fate-note,운명의 쪽지,PICK,finale,10,room|restaurant|hall,personal,4,"익명으로 점수 쪽지를 주고받고, 마지막에 합산해 꼴찌를 가립니다. 누가 줬는지 모르는 게 재미입니다.",자기 쪽지는 못 봅니다. 누가 나한테 마이너스를 줬을까요?,플러스·마이너스 쪽지를 섞어 익명으로 나눕니다.|각자 자기 것을 보지 않고 보관합니다.|마지막에 모두 공개해 합산하고 꼴찌가 벌칙을 받습니다.,4,20,,,mt|workshop|dinner,쪽지 또는 진행자 기기,moderate,variety,
poker-face,포커페이스,SURVIVAL,finale,10,room|restaurant|bus,personal,4,웃으면 탈락입니다. 나머지 사람들이 온갖 방법으로 웃기려 듭니다.,"지금부터 웃으면 탈락이에요. 나머지 분들, 마음껏 웃겨주세요!","참는 사람을 정하고 제한 시간을 정합니다.|나머지가 순서대로 웃기기 미션을 수행합니다.|웃으면 탈락, 끝까지 참으면 승리입니다.",3,15,,,mt|bus|workshop|dinner,없음,easy,variety,
finger-rank,손가락 순위 정하기,SURVIVAL,opening,10,room|restaurant|hall|bus,personal,3,"손가락 접기로 순위와 역할을 한 번에 정합니다. 벌칙자, 발표 순서, 팀장 뽑기에 전부 씁니다.",다 접은 순서대로 오늘의 순위가 정해집니다. 조건 나갑니다!,용도를 정합니다. 벌칙자인지 순서인지 먼저 알립니다.|조건을 읽고 해당되면 손가락을 접습니다.|먼저 다 접은 순서대로 순위를 기록합니다.,4,20,,,mt|orientation|bus|workshop|dinner,없음,easy,variety,
finger-sum,천지창조,SURVIVAL,opening,5,room|restaurant|bus,both,4,"구령에 맞춰 손가락을 동시에 내고, 합이 외친 숫자와 맞으면 손을 내립니다. 순발력과 눈치 싸움입니다.",숫자를 외치면서 손가락을 냅니다. 합이 맞으면 한 손 내려요!,"모두 두 손을 앞으로 내밉니다.|순서대로 숫자를 외치며 손가락을 냅니다.|외친 숫자와 합이 같으면 손을 내리고, 먼저 다 내린 사람이 승리합니다.",2,12,,,mt|bus|dinner,없음,moderate,classic,
elephant-spin,코끼리코,PERFORM,finale,10,hall|room|outdoor,personal,5,코끼리코로 여러 바퀴 돈 뒤 미션을 수행합니다. 비틀거리는 모습 자체가 재미입니다.,열 바퀴 돌고 저기까지 똑바로 걸어오시면 됩니다. 과연!,안전한 공간을 확보하고 주변 사람을 물립니다.|제자리에서 정해진 횟수만큼 돕니다.|이어서 미션을 수행하고 성공 여부를 판정합니다.,4,30,,,mt|orientation|workshop,넘어져도 안전한 공간,moderate,variety,
pass-the-phone,폭탄 돌리기 토크,TALK,icebreak,15,bus|room|restaurant,personal,3,폰을 돌리다 멈춘 사람이 질문에 솔직하게 답합니다. 자연스럽게 서로를 알게 됩니다.,음악이 멈추면 들고 있는 분이 답합니다. 솔직할수록 재밌어요!,폰이나 물건을 옆으로 계속 넘깁니다.|랜덤한 시점에 멈춥니다.|들고 있는 사람이 질문에 답하고 다시 시작합니다.,4,20,,,bus|mt|workshop|dinner,없음,easy,variety,
mini-olympic,미니 올림픽,PERFORM,main,30,room|hall|outdoor,team,5,준비물 없는 미니게임을 연속 스테이지로 묶어 팀 대항으로 겨룹니다. 종목을 바꿔가며 오래 굴릴 수 있습니다.,지금부터 종목별 대결입니다. 팀당 한 명씩 나와주세요!,팀을 나누고 종목 순서를 공개합니다.|종목마다 대표가 나와 겨룹니다.|종목별 점수를 합산해 우승 팀을 정합니다.,6,40,2,6,mt|orientation|workshop,점수 기록 도구|동전 등 소품 약간,moderate,variety,earth-arcade
draw-relay,그림 옮기기,PERFORM,main,20,room|restaurant,team,4,그림과 단어를 번갈아 릴레이로 전달합니다. 마지막에 원본과 비교할 때 폭소가 터집니다.,그림만 보고 무슨 단어인지 적으세요. 설명은 절대 금지입니다!,첫 사람이 제시어를 그림으로 그립니다.|다음 사람은 그림만 보고 단어를 적습니다.|마지막까지 반복한 뒤 원본과 비교합니다.,4,16,2,4,mt|orientation|workshop|dinner,종이와 펜 또는 진행자 기기,moderate,original,
rhythm-tag,리듬 술래,SURVIVAL,icebreak,10,room|restaurant|bus,personal,4,박수 네 박자에 맞춰 사람을 지목하고 받아칩니다. 리듬을 놓치면 술래가 됩니다.,박자 안에 못 받으면 술래예요. 리듬 끊기지 않게 갑니다!,콜 단어와 최대 숫자를 정합니다.|박수 리듬에 맞춰 콜을 외치며 지목합니다.|박자를 놓치거나 틀린 사람이 술래가 됩니다.,5,15,,,mt|bus|dinner,없음,moderate,classic,
rhythm-word,리듬 단어 릴레이,SURVIVAL,opening,10,bus|room|restaurant,personal,4,정해진 리듬을 깨지 않고 주제 단어를 이어갑니다. 버스에서 특히 잘 굴러갑니다.,박자 깨지면 탈락이에요. 리듬 타면서 갑니다!,주제와 박자 속도를 정합니다.|리듬에 맞춰 순서대로 단어를 댑니다.|리듬을 깨거나 중복이면 탈락합니다.,3,15,,,bus|mt|orientation,없음,easy,classic,
category-relay,이어달리기 카테고리,SURVIVAL,icebreak,10,bus|room|restaurant,both,3,하나의 카테고리를 소진할 때까지 항목을 이어 댑니다. 아는 만큼 버티는 소진전입니다.,이 카테고리 안에서만 댈 수 있어요. 중복하면 바로 탈락!,카테고리를 하나 정합니다.|순서대로 항목을 하나씩 댑니다.|중복하거나 3초를 넘기면 탈락합니다.,3,20,,,bus|mt|orientation|dinner,없음,easy,classic,
number-rhythm,숫자 리듬,SURVIVAL,opening,5,bus|room|restaurant,personal,4,정해진 규칙으로 늘어나는 리듬을 순서대로 이어갑니다. 대부분 타이밍에서 무너집니다.,"박자만 놓치지 마세요. 어렵지 않아요, 정말로요!",콜 단어와 늘어나는 규칙을 정합니다.|순서대로 규칙에 맞게 외칩니다.|타이밍을 놓치거나 횟수를 틀리면 탈락합니다.,3,12,,,bus|mt|dinner,없음,moderate,classic,
word-spy,한 단어 스파이,TALK,main,20,room|restaurant|hall,team,4,스파이 한 명만 비슷한 다른 단어를 받습니다. 한 단어 힌트만으로 서로를 의심합니다.,한 명만 다른 단어예요. 한 단어 힌트만 낼 수 있습니다!,다수 단어를 공유하고 한 명에게만 다른 단어를 줍니다.|돌아가며 한 단어 힌트를 냅니다.|투표로 스파이를 찾고 정체를 공개합니다.,6,16,,,mt|orientation|workshop|dinner,없음,advanced,original,
zoom-quiz,현미경 퀴즈,QUIZ,main,15,hall|room|restaurant,both,4,사물을 극단적으로 확대한 상태에서 서서히 줌아웃하며 정체를 맞힙니다. 빨리 맞힐수록 고득점입니다.,지금이 가장 확대된 상태예요. 점점 넓혀갈 테니 빨리 맞힐수록 점수가 큽니다!,가장 확대된 화면부터 보여줍니다.|조금씩 줌아웃하며 정답을 받습니다.|맞힌 시점에 따라 점수를 차등 지급합니다.,4,60,2,6,mt|orientation|workshop,화면 또는 진행자 기기,easy,variety,
sync-shout,찰떡 호흡,TALK,icebreak,15,room|restaurant|hall|bus,team,4,두 사람이 같은 질문에 동시에 답을 외칩니다. 얼마나 통하는지 바로 드러납니다.,하나 둘 셋 하면 동시에 외칩니다. 상의 절대 금지!,"두 명씩 짝을 짓습니다.|질문을 읽고 셋을 센 뒤 동시에 외칩니다.|같으면 점수, 다르면 다음 짝으로 넘어갑니다.",4,30,2,8,mt|orientation|bus|workshop|dinner,없음,easy,variety,
minority-pick,소수의 선택,SURVIVAL,main,15,hall|room|restaurant|outdoor,personal,4,적은 쪽을 고른 사람만 살아남습니다. 남들과 다르게 생각해야 이기는 대규모용 게임입니다.,다수는 탈락이에요. 남들이 뭘 고를지 생각하고 손 들어주세요!,두 선택지를 읽어줍니다.|동시에 손을 들어 편을 나눕니다.|인원이 적은 쪽만 살아남고 반복합니다.,5,100,,,orientation|mt|workshop|dinner,없음,easy,original,
mirror-dance,거울 댄스,PERFORM,finale,15,hall|room|outdoor,both,5,간단한 안무를 따라 추고 팀별 싱크로율을 겨룹니다. 영상으로 남기기 좋은 마무리 게임입니다.,네 동작만 외우면 됩니다. 팀 전체가 얼마나 맞는지 볼게요!,동작 네 개에서 여덟 개를 이어 보여줍니다.|팀별로 한 번 연습합니다.|음악에 맞춰 다 같이 추고 싱크로율로 순위를 정합니다.,2,50,2,6,mt|orientation|workshop,음악 재생 기기|움직일 공간,moderate,original,
acrostic,N행시 배틀,PERFORM,icebreak,15,bus|room|restaurant|hall,both,3,제시어의 각 글자로 시작하는 행시를 짓고 투표로 우승자를 뽑습니다. 준비물 없이 버스에서도 됩니다.,운을 띄울게요. 억지스러울수록 표를 많이 받습니다!,제시어를 하나 공개합니다.|각자 1분 안에 행시를 짓습니다.|한 명씩 발표하고 박수로 우승자를 정합니다.,3,40,,,bus|mt|orientation|workshop|dinner,없음,easy,classic,
truth-or-dare,진실 혹은 도전,PICK,finale,20,room|restaurant|outdoor,personal,4,지목된 사람이 솔직한 답변과 미션 중 하나를 고릅니다. 수위는 순한 것만 씁니다.,"진실이면 솔직하게, 도전이면 미션 수행. 둘 중 하나만 고르세요!",한 명을 지목합니다.|진실과 도전 중 하나를 고르게 합니다.|해당 카드를 뽑아 수행하고 다음 사람을 지목합니다.,3,15,,,mt|workshop|dinner,없음,moderate,classic,
body-relay,몸으로 이어 말해요,PERFORM,main,15,room|hall|outdoor,team,5,몸짓만으로 제시어를 뒷사람에게 릴레이로 전달합니다. 전달될수록 왜곡되는 것이 포인트입니다.,앞사람 동작만 보고 그대로 따라 하세요. 마지막 사람이 정답을 외칩니다!,한 줄로 서서 뒤를 보게 합니다.|첫 사람이 제시어를 몸짓으로 전달합니다.|마지막 사람이 정답을 외치고 원본과 비교합니다.,6,30,2,4,mt|orientation|workshop,없음,moderate,original,
